ra,dec
161.21002407441256,-59.92912682201919
161.31026959346352,-59.905155241574086
161.27946185087757,-59.90482410254816
161.30168712153727,-59.90378036726961
161.30221302340416,-59.90537617222976
161.23968370199796,-59.90823209855307
161.2039882616469,-59.91511865928446
161.26778182479939,-59.90983470017818
161.27047658010028,-59.88744166182873
161.2200908300772,-59.87908547446012
161.2450995907636,-59.87841518270838
161.24367583873496,-59.878565624253845
161.56098024413106,-59.819755858734304
161.5658025682046,-59.80549204129951
161.58350609451904,-59.801812270881435
161.56525670077815,-59.78558250708192
161.3575128284851,-59.89184872300984
161.43785081340275,-59.86529038417021
161.41806176321927,-59.87539336026328
161.3688296412158,-59.86495254164802
161.368585182596,-59.86363191448355
161.38265050301382,-59.85259981906821
161.4358164157679,-59.84472371992079
161.44189898806115,-59.84606537929161
161.38580573318737,-59.83468207970192
161.40575369193027,-59.84189711156926
161.3904422520734,-59.833192819988895
161.32088689542906,-59.90018461659217
161.34071229934418,-59.89680833877136
161.28933258900267,-59.89082535708131
161.31353216204184,-59.87981953966748
161.34978903811069,-59.88133681595861
161.34023463425982,-59.870111316036564
161.3414147429592,-59.860909236053566
161.27217884763957,-59.8585998034015
161.23617575640944,-59.865715781790065
161.2447615345351,-59.8677101094032
161.25315759261613,-59.83064472425006
161.2683418489832,-59.8356285649067
161.34278379892802,-59.846388918940455
161.38946657874683,-59.82427323415944
161.37931034985223,-59.81697282154355
161.340009828223,-59.812698570456554
161.33244827835756,-59.82042706254019
161.34567333662332,-59.810652160021526
161.31160682318972,-59.824912573215165
161.31443279290755,-59.818932806948325
161.3225222262078,-59.82190173673831
161.2868451316184,-59.820647242348485
161.27486610629256,-59.80171667266684
161.32317011377,-59.8058322796105
161.45182828230682,-59.84281135451498
161.48118390682592,-59.83614819153491
161.47516560963172,-59.83033556689587
161.50741559710195,-59.82726607902458
161.50478400314415,-59.82831659129432
161.519881372421,-59.82267558867787
161.51209758136088,-59.84049958423034
161.5114955954001,-59.83863897528576
161.46834605956562,-59.81867759144023
161.4664170470447,-59.81405513880613
161.4882254997998,-59.816571162286834
161.47830641325677,-59.80429081780181
161.41806454576565,-59.82140623070138
161.45648477136382,-59.80577051456394
161.46216926222863,-59.80165220839119
161.4323246031057,-59.79630363860469
161.51336593879424,-59.79279439505299
161.53547911090632,-59.79686046270895
161.4992643344119,-59.77638427717298
161.5246875742456,-59.78639770875805
161.55392629652303,-59.77885567747453
161.49988458139435,-59.766503585625856
161.46767415252936,-59.772391581287174
161.48058922985012,-59.77138774873051
161.4419177568591,-59.777306119564194
161.44170369630766,-59.763532087181574
161.48684644264472,-59.76209008081669
161.4012804363734,-59.80645007762246
161.39026918964763,-59.78738685201376
161.40303925698603,-59.78384861732417
161.42151340815758,-59.773241856184065
161.37943364518063,-59.76836213989694
161.31982366856013,-59.774651502381204
161.346009494278,-59.77889558376756
161.34071620783925,-59.7684961784773
161.30399987879892,-59.768312706360796
161.30458163804676,-59.753407150397905
161.30085950640924,-59.750112231119076
161.34118044257343,-59.75690233005501
161.33263738986884,-59.75003577705615
161.34623237309927,-59.74604264061113
161.30294627215054,-59.74614105386843
161.30949395897997,-59.74585514351736
161.33218193287948,-59.744521656364654
161.40247869716535,-59.7363433680332
161.4241551020669,-59.72092771308311
161.43726279286304,-59.72127762196777
161.40855976295663,-59.7359247435239
161.36081683514678,-59.729830160299585
161.33813169464656,-59.73525883417705
161.31953253181834,-59.72054753273973
161.32734770215,-59.73049115349507
161.3187638664455,-59.726946506095175
161.34069706221234,-59.71913036006583
161.33564473727915,-59.714222151974404
161.34432165748183,-59.71653065153384
161.3288736006396,-59.70509454493066
161.34402718731917,-59.71018763822981
161.33562867595455,-59.705910054465534
161.38554157012956,-59.70994821413412
161.36854236198076,-59.69871886690554
161.33772167773304,-59.69566335653326
161.33364840317432,-59.70229790209641
161.350579736486,-59.708704813863186
161.5947334192843,-59.78617890242122
161.6110454657022,-59.77706903204322
161.61616598532873,-59.75738430811116
161.61987868535556,-59.75043269453208
161.62637990419174,-59.7502712051593
161.67282506453694,-59.710586964630664
161.6283273145477,-59.73818365487604
161.624727329722,-59.728893980445974
161.64140379013648,-59.72823119531935
161.63690414178143,-59.71666977389081
161.64801164260592,-59.70722118229398
161.61431656765285,-59.691400905351664
161.65903079836937,-59.678966921328794
161.63455505685442,-59.66974385942111
161.68575622498372,-59.66323739762665
161.6491109186017,-59.64691071864182
161.73745521188647,-59.647941200697105
161.70939547344173,-59.65200376471528
161.72682900977028,-59.654138126989515
161.73505365859316,-59.63265987200853
161.73454579193844,-59.61182425110311
161.68174089490557,-59.62528952616009
161.68967553427467,-59.6272674924847
161.65884517717208,-59.62405418889895
161.68990704232115,-59.617687429478515
161.6623174398445,-59.601802480755
161.68562780053605,-59.60293113109377
161.54926029954265,-59.75891155387256
161.51497332687518,-59.70450233122859
161.5979369403996,-59.70155651704931
161.5895308770304,-59.709877797884324
161.59309583362054,-59.697002824986164
161.56988319551064,-59.67631728291816
161.5626716281238,-59.67196825870214
161.5186633031605,-59.682792978111586
161.5273531861725,-59.681881423252634
161.50789962841827,-59.66732072083133
161.54571598877183,-59.66135047448623
161.52000936296054,-59.6559802743733
161.5231653935607,-59.64695859347265
161.4371941886607,-59.69290093383891
161.40906940577588,-59.70434471558529
161.40969535245236,-59.70214888927025
161.39909374899946,-59.69745948593397
161.46156518518157,-59.699592886925274
161.43182093662764,-59.66497426701538
161.38052024280367,-59.68700720787752
161.38137494406925,-59.69246454724954
161.39524429628042,-59.678814558957484
161.35299308037293,-59.681744267582154
161.3549624277284,-59.6669345034289
161.35850056702657,-59.66730133485455
161.43532387169114,-59.657141865488796
161.4462485497462,-59.642995027495985
161.48215295848541,-59.647017793600355
161.44312683519607,-59.62725067390342
161.40777914600045,-59.63355046907468
161.42319679986113,-59.63892365485629
161.43180202349038,-59.62818852150229
161.41912023383134,-59.617828496675706
161.4215333085504,-59.61087686031089
161.43302895908073,-59.60883458214135
161.5711520137563,-59.655419688841626
161.58297824880734,-59.66061719247101
161.62691058346425,-59.645649418037884
161.54089241804738,-59.640751587782084
161.52142808212588,-59.6313570877037
161.56595436351623,-59.611536358424914
161.53987325036252,-59.61228210559317
161.64864054434707,-59.61680912634126
161.63085107088662,-59.596005179878986
161.6177601624642,-59.61096282650366
161.5860797489499,-59.57127481630413
161.60110651054032,-59.57497827043738
161.5998875467342,-59.556861454746155
161.60202424173156,-59.55346847874113
161.58200038506266,-59.55055813565066
161.56321538214823,-59.53829394050861
161.48137899566407,-59.594709534380605
161.51103198494374,-59.59428608687793
161.49211691179778,-59.590318404481216
161.49386741467242,-59.58357798347468
161.49756214860287,-59.56757461152544
161.4175180763589,-59.563506319962826
161.4609255581252,-59.56792955869664
161.43486995473646,-59.554354823585236
161.51782657886545,-59.564772394815854
161.5243765206818,-59.55841140951763
161.5406596367551,-59.53421400630413
161.51965882297932,-59.532917384939715
161.45679883944254,-59.545287838341366
161.48032465309473,-59.55387281352884
161.45790096294832,-59.52561928232025
161.49584806273913,-59.52940860468981
161.46141710038333,-59.504205949834095
161.4596590132773,-59.49889883309635
161.73318791767426,-59.59841621793402
161.732989923291,-59.60883056285252
161.69371239897984,-59.56601783055318
161.72763261271058,-59.5730878025441
161.69951361495697,-59.5457086522284
161.707809465066,-59.54004369164736
161.73725931972876,-59.54812467532998
161.76344253162262,-59.53520669474753
161.72728684457832,-59.544214617476
161.7112332933199,-59.53469653817017
161.76805983619502,-59.527735256178296
161.7548408629634,-59.52176823215798
161.73714972041208,-59.521752947878184
161.7175762295511,-59.51027416955652
161.72699022801388,-59.50132879145524
161.76429085136272,-59.49742268942314
161.67108366183032,-59.57551639267686
161.6733868145402,-59.57482757304411
161.67676543474653,-59.54866421315816
161.68090736739163,-59.542209158458235
161.69482107659442,-59.5341871964034
161.65504124209897,-59.538450746771936
161.66090742168475,-59.53396834225676
161.61061795495812,-59.543549254141794
161.62240086957078,-59.53999631489237
161.62467854763196,-59.52320350272669
161.61960915943206,-59.511233268765324
161.6331365455158,-59.517740516142915
161.61676399274327,-59.509825687511565
161.6129164185421,-59.50738805994581
161.6068750887585,-59.50310095896109
161.60495751078335,-59.50166850185444
161.59431907041818,-59.489912814777725
161.68802518358243,-59.50483304809041
161.6983759828878,-59.506490441055405
161.65698500854597,-59.51350389432403
161.6955603189536,-59.50306924383215
161.7150063473938,-59.504891930479054
161.70581016190934,-59.499369933552025
161.63518738042197,-59.50651539149842
161.6321406754239,-59.479133717272916
161.5973483823196,-59.4889299709801
161.64485169964533,-59.462187832879245
161.63372476922595,-59.45061415873561
161.56881590944738,-59.518802533886834
161.51573732627404,-59.501531605729106
161.55149834200768,-59.481471553220864
161.56139831791185,-59.480413068900916
161.50441983662503,-59.49444933207539
161.46481460204532,-59.48384503621399
161.46100951544017,-59.48869399854896
161.46608348170574,-59.4857169854949
161.50755528111293,-59.47313907908408
161.5141793438745,-59.47236330903991
161.52770024619488,-59.47143065280257
161.52047113635015,-59.465386185999925
161.58036004909687,-59.47826666461029
161.5803786191272,-59.47695636198701
161.57291703623994,-59.469574744002024
161.56572212983676,-59.457798863612645
161.59528134155227,-59.45541644194251
161.6043041602151,-59.444928250820844
161.603763747655,-59.44517198896746
161.59390718776993,-59.434245186926724
161.55383190052703,-59.44057257343456
161.58248564352652,-59.43862714220495
161.51623657538423,-59.453400650202916
161.5174448111948,-59.43121182859313
161.5561543061486,-59.42408400746394
161.50856334662836,-59.40431880015528
161.5165117481119,-59.400238250347535
161.72097046037422,-59.47681393655165
161.7153374012033,-59.46846138874276
161.6849284710919,-59.46190935317762
161.72144700746654,-59.446745116572366
161.73965080842714,-59.438916681757654
161.6571109291202,-59.4543098584827
161.66135315354967,-59.436290439171046
161.68286278220785,-59.44529027385586
161.67412095760517,-59.433171465276
161.65227842909283,-59.41725090798041
161.65477737857285,-59.417737474499944
161.66218386015157,-59.40676777651956
161.66413746203781,-59.40243579075519
161.69169363875935,-59.40297737889883
161.66179008052157,-59.39617394542032
161.65686621376415,-59.39160169899748
161.67818653113923,-59.38579961823017
161.67072275595189,-59.38660816154208
161.6648432290328,-59.37642263883938
161.60715841394546,-59.42337347120697
161.5684157132699,-59.412898085613286
161.61741654628622,-59.40699189168867
161.63072201867297,-59.400524860325866
161.58753449524224,-59.38712176152485
161.5978913710475,-59.3770243537537
161.54409233672942,-59.40391686995756
161.55514657276683,-59.396835144827755
161.53155161375483,-59.38568219799666
161.5393281522036,-59.38435654381182
161.55828786180814,-59.381024128747114
161.56255775409443,-59.38186860705932
161.55895495650705,-59.37907086766015
161.55145698861887,-59.37664646769065
161.52694686486086,-59.3660199724331
161.53799584763513,-59.353833250714125
161.64375918807121,-59.38956539793368
161.63120983620706,-59.38171613007283
161.64624876838548,-59.3714117589145
161.64551112555043,-59.35163279294033
161.64483718864182,-59.3482775863616
161.6678615031074,-59.35597815163958
161.57283501124476,-59.36018673328471
161.5939381019146,-59.356999387161004
161.58093179162324,-59.3522795272583
161.58206381230326,-59.3483190883642
161.5943230804803,-59.34625342882403
161.57913919620322,-59.33731333437076
161.6051431483086,-59.3477215808449
161.5609931914988,-59.35378197903257
161.59881869026023,-59.316536812088586
161.5800845981562,-59.32498426497675
160.75637190800063,-59.339921408449875
160.75339531282592,-59.32930977888751
160.75591439476923,-59.33016461139463
160.77051845852674,-59.31201391134752
160.97128935770934,-59.38024000996413
160.92334460929442,-59.365884956773684
160.93564389176672,-59.33466937940238
160.9567754604047,-59.34194418891766
160.94402639944016,-59.326833451933496
160.88301452673446,-59.33134607423054
160.92791937411855,-59.34358324514488
160.91317046579803,-59.33301353756568
160.9193003248793,-59.32783250677455
160.9128299451003,-59.32358839225541
160.8906995265245,-59.30784327094635
160.99820934355262,-59.33240068992205
160.97283280759507,-59.312690082884146
160.95628186583153,-59.299586413985786
160.9907791999561,-59.299665528827724
161.01701459158608,-59.30317831153211
160.96119228852578,-59.29679969024365
160.97558823870364,-59.306768597766116
160.9201503173483,-59.29822072805529
160.9115154943917,-59.28009544369241
160.94064235709985,-59.291499820382796
160.9459655571505,-59.29160658837598
160.95666484604436,-59.29232541316642
160.95323968484513,-59.27274785858485
160.9241314896832,-59.28356283144997
160.856452760888,-59.321532740038755
160.87636741820015,-59.31524763450732
160.833885636709,-59.29951669673826
160.81098455142975,-59.31024902427454
160.81822076072152,-59.30053560928441
160.78841434677258,-59.28227455615895
160.77961592281545,-59.259056404023546
160.7802700465687,-59.25900960843185
160.8929157636405,-59.28542918197515
160.86791889676869,-59.27096727713832
160.8973603586235,-59.26826712439854
160.83760007650213,-59.24699858898923
160.8081659790285,-59.26122218670714
160.80113327602422,-59.24538481022599
160.8244834229942,-59.21947463640084
160.68640247905142,-59.374359199230724
160.66079723986752,-59.3675184519699
160.66326829538457,-59.35620898466191
160.65743308498577,-59.353240317468675
160.6614495729976,-59.3523396740485
160.71587956283315,-59.358974752258746
160.68421506872244,-59.35816872613004
160.71554522358312,-59.34924886681967
160.70642921762766,-59.343409211932155
160.67093102502315,-59.33854068837179
160.67685921925064,-59.33409282515509
160.6082820727506,-59.34494365768451
160.5977604751762,-59.33134319738772
160.65641905162545,-59.33675667736384
160.64227712683416,-59.31396979227498
160.6569768721107,-59.32508362398964
160.6501611683304,-59.32362790324991
160.62788517272773,-59.329416381426455
160.7320125469061,-59.32045281871739
160.70159783702388,-59.32343782446963
160.687755568612,-59.315985888061164
160.68674797550278,-59.3037783614249
160.6876847675567,-59.30376809939201
160.68923413645888,-59.31068006478058
160.71793903095949,-59.30828034099044
160.63650952800893,-59.29671761459693
160.63280148197458,-59.28834097579629
160.66870873629108,-59.284588390659046
160.68347503507908,-59.27519109317713
160.58382141638788,-59.328706351938095
160.59269656312466,-59.30718174050456
160.59143693046698,-59.300307708798236
160.59198097221577,-59.29992976606837
160.604376637125,-59.30146122557853
160.53024400902268,-59.314460889080706
160.5366204263864,-59.31927911556525
160.53644082550687,-59.315198916210434
160.5428702618233,-59.299770819977425
160.50645288815477,-59.27968478376955
160.53160960243474,-59.276362421599934
160.55263266509598,-59.28705276692086
160.5363276089836,-59.27214194401719
160.592463985537,-59.28334244335475
160.56244235068664,-59.25530835862777
160.52753278807808,-59.25082418992681
160.53185261204763,-59.25501703140688
160.53464849474665,-59.24945255228397
160.52374702987333,-59.24059980441245
160.53731105231373,-59.24498131417421
160.58229888643777,-59.23081272825443
160.55289737593586,-59.22854975139974
160.73295191694064,-59.27716875274902
160.73573897218475,-59.27306649712079
160.74743902663045,-59.26670915961089
160.72233935106576,-59.26420674511101
160.7427642641994,-59.24944078888812
160.74001051166823,-59.240122457522205
160.68915574613163,-59.254920364998846
160.70138040274463,-59.22451366412687
160.67925224288186,-59.221827637151044
160.67571087931836,-59.2193326991372
160.66897013737804,-59.21574664835191
160.76558096647045,-59.23298574869822
160.7462816427233,-59.204810608668886
160.77289100777156,-59.20067841499962
160.72293813062018,-59.21947557316928
160.713923273793,-59.21451837061246
160.73634586753445,-59.20890675899163
160.72645906526873,-59.2095224042636
160.73840638538067,-59.19066623682742
160.6339455653724,-59.22607309415618
160.6413187904939,-59.2272091410855
160.6482573720935,-59.22826871196247
160.64193264451782,-59.21117207834272
160.65279911147672,-59.218325496103795
160.48312751125593,-59.28715388963051
160.48294629389915,-59.28724938631207
160.57541398241574,-59.209991044759676
160.46889636884904,-59.27536370573465
160.48163636759602,-59.27987227296835
160.48258768643538,-59.27128098225392
160.4924034789466,-59.2765368693075
160.68446133847075,-59.184990014321876
160.513149047522,-59.23805505877653
160.51530878295154,-59.23971126456197
161.0104843961583,-59.28366951544866
161.03102058306555,-59.277741660564004
160.98508343817267,-59.25980469798941
160.99926526629196,-59.265211115916884
161.02279857912282,-59.25398840514474
161.0010535623646,-59.24242737658143
160.95173390513386,-59.25410510129401
160.94524123726717,-59.2619060622794
160.95686154373033,-59.26790201380928
160.97194870532633,-59.26697370678443
160.9461649971265,-59.2630896045358
160.93751063117224,-59.25439592559094
160.93734846998825,-59.23824480951735
160.97339939838693,-59.24075405709762
160.9721999654301,-59.23724781147574
160.95634485202967,-59.22961783988343
160.95936865420484,-59.22242129884202
160.96875829658734,-59.21770703869291
160.95410156211355,-59.20926326918619
161.02826644278798,-59.2386864155949
161.03013277053964,-59.21595343912108
161.04614747363527,-59.196934525039474
160.9844418275341,-59.2086818595242
161.00543443174317,-59.211454790519795
160.94739859033587,-59.202772551726014
160.90293559208968,-59.228486506021135
160.920148251146,-59.22461457007053
160.88604924100667,-59.215374900014325
160.89738727798772,-59.21727798401985
160.92969789012574,-59.22157395583824
160.887780325086,-59.19912286896126
160.9123432704252,-59.19830300048524
160.91517411751823,-59.19775528544889
160.85993234221584,-59.22416801559901
160.8456164334114,-59.21472636737152
160.85479413956176,-59.2040885515039
160.86510875243061,-59.20736001563696
160.8257475524162,-59.1971330224833
160.83986285711845,-59.206971475818534
160.82900741183795,-59.191554261765866
160.8367550049238,-59.1864388126291
160.83926804428026,-59.19121798742648
160.87169412632528,-59.195365347965755
160.85085043245118,-59.17705843048045
160.92504508488994,-59.19383211698968
160.9280447921865,-59.18037397358841
160.90760044456675,-59.17762314558554
160.92565930452307,-59.178891464577326
160.9283721149863,-59.16298197730606
160.87357535969758,-59.16212165812151
160.87602074434312,-59.16418587656262
160.89778409454874,-59.16741181947247
161.51932139238323,-59.27275080872486
161.0751945470688,-59.18151951826765
161.4882594529721,-59.26031185625505
161.06238963027593,-59.15845744831934
161.4809046726876,-59.25201756752581
161.49029555085443,-59.251225842745235
161.46800734447172,-59.23848102923636
161.47841548253885,-59.24051510381199
160.99699171772616,-59.159304415854976
160.99468815471423,-59.15491400969867
161.4368805495631,-59.24197657890464
160.80702585686694,-59.19674701883923
160.81069708678322,-59.18093399931966
160.77515424097265,-59.18684668051307
160.77909843940586,-59.183655234913346
160.81795012830318,-59.17419351903358
160.81354734240062,-59.159867169957
160.75346759279788,-59.16759938727583
161.61758685951028,-59.319406152566664
161.61002644500704,-59.31788740349676
161.0769698286349,-59.94550632018778
161.0869799320705,-59.93419763671835
161.08776026097644,-59.93902689107779
161.08094614757954,-59.93776874624909
161.05386939283397,-59.92760992574314
161.06484680423418,-59.91798086863589
160.95015781618784,-59.9370879854187
160.91758773208844,-59.92397066310903
160.92521004622157,-59.92540458337409
161.02530328765454,-59.945957266656414
161.01713136352103,-59.939880745209756
160.99344383619822,-59.935970055157334
161.0009697322219,-59.94175994633127
161.00860321242718,-59.93217844717804
161.04670595726756,-59.925169404301975
161.0477542758579,-59.91892728781793
161.02213001990583,-59.91047745787966
160.95064193224962,-59.92157927866852
160.94073688104476,-59.910358225069686
160.98030758141567,-59.90715924465656
160.9912507032466,-59.90483441811683
160.95158595986504,-59.89657013981469
160.9377703332885,-59.89038630486937
160.94366865055304,-59.87919539724876
160.96148896869127,-59.87717153134967
161.13580575123817,-59.925650880878536
161.1524324702152,-59.9322224678416
161.15190150724973,-59.9269585314263
161.17412217654257,-59.93297617248941
161.1707666873811,-59.90913992545301
161.188448899424,-59.91152127380973
161.13502650773154,-59.91262670933731
161.15827538854006,-59.91576902916818
161.14310415247084,-59.903969544224786
161.1531921932035,-59.90688034207681
161.10304989500239,-59.92871854931444
161.10602466579493,-59.921853483344535
161.12430644323285,-59.91447911933294
161.06060652355563,-59.913660354286215
161.07990686338812,-59.920783718831345
161.0971748143089,-59.903757414111595
161.09859724432604,-59.903834448353756
161.11473361024028,-59.88485318380878
161.08814337988653,-59.86992349211096
161.0945263188963,-59.88134519712839
161.18753467937967,-59.90299643763261
161.20013347091003,-59.9082034044853
161.18823209303264,-59.903139719994016
161.17918643871135,-59.89683511227439
161.18962650981987,-59.881547530791686
161.16907280942888,-59.89158186981914
161.16754404866327,-59.87219448394862
161.21423817951663,-59.88743475109256
161.2034554040461,-59.876235986377026
161.20540812311057,-59.86244691743634
161.17566133859944,-59.8671999205042
161.19082942799284,-59.86876459384299
161.13709728145372,-59.88143998577636
161.12529416352658,-59.87059548097259
161.14444344465994,-59.873269621818785
161.15069262865546,-59.85237006488822
161.02245960256093,-59.89295599291246
161.03184338328512,-59.89527094630251
161.03687285720372,-59.889781617370154
161.04052174519148,-59.878743843944214
161.0461468748429,-59.87849459962536
161.020341128633,-59.874825195536715
161.0412661726579,-59.876808123599396
161.07826771997384,-59.86360602810146
161.02569796218955,-59.86647461333165
161.00409498314468,-59.87743162726807
161.0014857243859,-59.87430170401285
160.9897162693489,-59.86936987369224
161.00984133126912,-59.86793725489421
161.01165235689706,-59.87653867056327
160.97866186597656,-59.86751073819971
161.0086878952975,-59.832597427115154
160.98280703134273,-59.83409595786196
161.00298050348167,-59.83105459343284
161.0924290103904,-59.84929969726841
161.0612362173329,-59.85350952586187
161.06474960207035,-59.833252692031785
161.0740554846972,-59.81562144654854
161.03168902638467,-59.84212911399098
161.03024978116176,-59.812829261706305
160.9881843802373,-59.82314425309473
161.011198993181,-59.82139886153316
161.03690350745097,-59.8130306204434
161.04971579367574,-59.810991007988505
161.03330358180358,-59.799646705695515
161.051141096175,-59.79923957942356
161.04759414457692,-59.8030506543077
161.01547250430556,-59.803929820508074
160.99672669263256,-59.79503462560658
161.0120285408312,-59.80011104008007
160.86547700652002,-59.93744960390677
160.8516410920891,-59.92289993676868
160.86223694646944,-59.92259563889496
160.89679254087082,-59.920875638943336
160.91562251692625,-59.921253013745805
160.85816432685746,-59.91307063626041
160.88213621346176,-59.919615619249235
160.84433448711476,-59.920790835663745
160.82923193546222,-59.908573115293066
160.80776668722285,-59.91621919302427
160.85619159883254,-59.90169891204591
160.80011710791692,-59.89128677950347
160.9022169527805,-59.890572217900235
160.91704551021783,-59.88471785407597
160.91930424824395,-59.87169095908829
160.92907517728716,-59.887003982002604
160.89030369794872,-59.86550090602911
160.8621405885253,-59.884978997691256
160.85758767293072,-59.88011629940449
160.86039301614264,-59.86706882693555
160.85779305432658,-59.859333060467364
160.821173365516,-59.86911440098032
160.88170626633638,-59.84882410895116
160.84739290032635,-59.8519532495322
160.85276318085047,-59.85044122930052
160.85637847667059,-59.831673710319876
160.77575067701306,-59.90294442557866
160.77482779791524,-59.906262481635686
160.7733068506994,-59.888394886500706
160.75524525051003,-59.89395990937204
161.2647407537247,-59.68445877770452
161.26536341372773,-59.685425871105394
160.78096545955225,-59.880310837413724
160.77182539079786,-59.87857666889583
160.80283039670135,-59.87532062003084
160.76231014566824,-59.863616296470056
160.76566307674065,-59.87392376209415
160.7784974567035,-59.85558478401435
160.76526283406295,-59.860799112836965
160.76655391950456,-59.86085119753073
160.77222628032666,-59.86096510286357
160.76691390730252,-59.85565178370673
160.76685476928733,-59.84848816056274
160.70996811565018,-59.87466474613942
160.6881662429369,-59.87208779567109
160.73658951666093,-59.85888716147122
160.75447076875975,-59.847750436404475
160.73312952500564,-59.833558550739546
160.7521878422927,-59.84072692496471
160.815550148646,-59.851543176396945
160.80795297791187,-59.84929988343076
160.77127526333877,-59.8323659613407
160.76997322941807,-59.83092351775537
160.7790665284153,-59.834660370354726
160.78401402457183,-59.83131616941838
160.81472283763668,-59.8228191258462
160.81703097487298,-59.814769400193214
160.83926664791986,-59.82358544822893
160.76052841586227,-59.837569562319054
160.76150395461406,-59.83638808406325
160.7646302982274,-59.83317158476726
160.7520650327923,-59.814393551730554
160.71399038238286,-59.82045518109521
160.71802647285634,-59.816705493500656
160.7673675340462,-59.81632365604325
160.74048791633848,-59.79707391048348
160.72464185975238,-59.79275546742084
160.73648395774194,-59.79637901737413
160.9374586511891,-59.85652617744056
160.75532341970137,-59.791689253904565
160.9504613518699,-59.845662555459974
160.96193741290332,-59.84189416220953
160.93026085304922,-59.83733182356177
160.9558212769197,-59.82818699867021
160.9333059462995,-59.80494568332334
160.89000348386338,-59.839395821204924
160.87597480354714,-59.82667170119151
160.8911439223693,-59.8326359294737
160.89193428378985,-59.812073852228515
160.9056837974594,-59.80672386685396
160.9075405165853,-59.79209128381297
160.8816386883832,-59.795669502789295
160.8814970614442,-59.8018328213484
160.88749286991037,-59.79222170300743
160.97001845091552,-59.7903443437418
160.9650663690939,-59.79277294836194
160.94618161019906,-59.7863882208466
160.94679338626946,-59.78205837422887
160.95864109970677,-59.78401878432319
160.97330217685322,-59.78133539219153
160.95141068159882,-59.7667398407844
160.9751361787226,-59.76957991796229
160.92871374230134,-59.78995289113758
160.91592240989448,-59.77758497938404
160.9136845150516,-59.77586098922805
160.88377835926775,-59.776800793932956
160.9150410063816,-59.7596528472889
160.92921738305665,-59.75926716107992
160.84446083146003,-59.81542243256748
160.8383089640606,-59.775312357487955
160.82899219222952,-59.78246220471298
160.8306966486634,-59.77614318893455
160.8217717033223,-59.77203239900872
160.79623965712062,-59.74639124206163
160.7996123283457,-59.741777979619926
160.7629995258512,-59.74376550790761
160.77980332300746,-59.73352640946555
160.85895462576747,-59.76185797594384
160.87646680804022,-59.74570275884583
160.87579587818016,-59.74587264159803
160.84467530224615,-59.7534242929571
160.86904716437053,-59.7359617917787
160.8934125185848,-59.72401166927485
160.8812184776465,-59.72614183803603
160.8930609549118,-59.724337262099446
160.87353897111768,-59.71457541557462
160.88130715642643,-59.71756989180973
160.86140277122223,-59.718542752950086
160.7965529933748,-59.73916467363989
160.80982576769216,-59.73771205221263
160.80630598083036,-59.72316187257137
160.83174428843293,-59.71038601761978
160.8189388147296,-59.711121697757214
160.83095231567054,-59.71053791385417
160.8315341884558,-59.70990021041096
160.8302842315975,-59.69542898249104
160.80856726588638,-59.70292471434814
160.79534449078145,-59.68096653720624
161.22291543702974,-59.86499164615718
161.2148272467965,-59.841239151725276
161.22834558987176,-59.8495518300713
161.1981613985434,-59.852530662405684
161.1866396520962,-59.84251417757238
161.19103647108528,-59.83404073069705
161.23961990896188,-59.83437226455432
161.24489216037855,-59.82250381110331
161.2132701507591,-59.82521612434816
161.1523114385232,-59.829845192681574
161.18524708787896,-59.820430704245865
161.1894708063043,-59.79470103003992
161.14780428606298,-59.80229338151748
161.16103407057858,-59.80391999277821
161.15287750413543,-59.79157102914837
161.16742020621194,-59.78290788985863
161.26210763679666,-59.80808837210821
161.22334121925803,-59.797193265396466
161.22344493731208,-59.783187332972005
161.26678531525215,-59.77477326272577
161.23677080507204,-59.769590866075795
161.2317361623805,-59.75488565340835
161.19152574284573,-59.78589674314635
161.2045984066861,-59.78342145124714
161.18878822024573,-59.776120254926035
161.1920315673581,-59.768223988991075
161.17408940548134,-59.782324263232375
161.1702167592409,-59.756856240431645
161.22471728403423,-59.75665189572928
161.18587057925245,-59.737062369923486
161.18682541015798,-59.73438232410161
161.11530331881613,-59.80866829746098
161.121245868496,-59.805792429008925
161.12119632587442,-59.804610390024756
161.12367416553923,-59.79889672303707
161.1024821831909,-59.78936786797333
161.08460512560973,-59.7979425555857
161.07449463830037,-59.78726987609794
161.07307418263946,-59.790567577668476
161.07554114289036,-59.77952163706084
161.0977842370423,-59.768598993722286
161.10197554725698,-59.764651632663174
161.10967305709158,-59.76051554341412
161.06463487264904,-59.77988028786261
161.02789998071023,-59.780640440337436
161.04129353411068,-59.77181443145056
161.06446182325544,-59.75309578136564
161.07746620457127,-59.74636203246282
161.04885771417324,-59.740738558491145
161.1399407065112,-59.768734979231006
161.13159233583693,-59.75772140614778
161.1477192014541,-59.76072569047414
161.1346836407921,-59.74193901139106
161.11577272864199,-59.75591715695271
161.10246300131104,-59.7384337145385
161.11726204859227,-59.72965897183735
161.11947798278214,-59.733787252626065
161.13069558653413,-59.73552615081615
161.1355613346725,-59.735158174044926
161.1405133328893,-59.73760758059634
161.15898104490068,-59.73714468056352
161.1674067039618,-59.72777944473442
161.15920566780989,-59.71820827154203
161.17406275550337,-59.72535900199318
161.1205859056016,-59.72978896993824
161.12067329871945,-59.709491839676296
161.14226399861343,-59.7192480482685
161.1433482097778,-59.71600277446399
161.0913182825579,-59.738875859920824
161.09750167864246,-59.73725052781425
161.0820248715994,-59.71882432608118
161.06328004644686,-59.728846270485214
161.04322662985388,-59.71973952255461
161.0549265278693,-59.71950106190266
161.05203622254967,-59.72428674370138
161.05746954524088,-59.715824257943176
161.06139889719165,-59.714341254341456
161.0996290777495,-59.7117403622443
161.07616973201758,-59.70818340302354
161.2842558079952,-59.76859171131799
161.27563968064175,-59.75708331429412
161.27410497933496,-59.75543956112988
161.28538565406757,-59.75867101969799
161.27442058240965,-59.73854345151517
161.2942547718411,-59.75348484416596
161.2541366181383,-59.754287256220046
161.26262522445214,-59.749016577013364
161.30361950411816,-59.73866807154431
161.31177869168633,-59.72610382793528
161.30639929633625,-59.725485095691575
161.29172280547715,-59.725509838270696
161.2905066146071,-59.71586201788916
161.25095012001697,-59.72620696756587
161.24952724509416,-59.72077200094478
161.2659248674306,-59.72250529868433
161.2763966214821,-59.709923065789496
161.27425521237663,-59.71879105133203
161.217448714403,-59.7392187036059
161.2271927612057,-59.73614097914216
161.2275447874327,-59.73225802723541
161.2149365959937,-59.720408349760746
161.243728529641,-59.725874301938845
161.18998140085264,-59.73045459325888
161.1970422265122,-59.731453450894826
161.18766245285215,-59.72383628423542
161.1801210949692,-59.7191119202103
161.21397556301508,-59.716967208318906
161.2294244251036,-59.70671630334882
161.2390858643913,-59.71082112632461
161.24539158178837,-59.70642612893653
161.2364452520969,-59.706138194118836
161.24520797250588,-59.70632732450816
161.20345611869223,-59.70233778796789
161.22520382998422,-59.691488215426574
161.22795778089468,-59.68990142883209
161.29661051976606,-59.7093737304535
161.31237135313435,-59.723103552067684
161.3050307624472,-59.71882564379214
161.30523099903525,-59.716133965345854
161.30264419885776,-59.71352322640075
161.30835207634223,-59.69495016883824
161.27153818587198,-59.69508799403165
161.27067295338628,-59.702069587034536
161.26608733037477,-59.69685492050808
161.26818602886328,-59.696448867779814
161.27793621628055,-59.699033312176496
161.29105101655836,-59.70381964247419
161.29047114755292,-59.70527678584048
161.28859764769516,-59.69116314045817
161.27966716276046,-59.682890146364045
161.27368891156553,-59.68994279022984
161.28278818575185,-59.692767928764574
161.27537385081135,-59.68663033062094
161.27135213232995,-59.68255624002891
161.2743924971894,-59.68179331413911
161.31750441279843,-59.694758758504506
161.32903440419145,-59.695188826190034
161.32482092328442,-59.68595015985387
161.3219949312313,-59.68896143199211
161.29852898656765,-59.68780749212626
161.2965279842237,-59.68643288903493
161.28420677583,-59.680380329079846
161.28716962512414,-59.67790446147012
161.296146272723,-59.66876509683534
161.29014982905565,-59.669004366088195
161.2596372652854,-59.68940434803258
161.25739595892088,-59.70035221027957
161.2590443145395,-59.70030684601649
161.24413568872467,-59.687633016291926
161.24114726315727,-59.6841299181307
161.27170222554892,-59.67875366232017
161.2697811428024,-59.681531206441484
161.22457170471245,-59.671844315619865
161.2166309405918,-59.65888356890654
161.2264790171635,-59.66677291795713
161.2359649241316,-59.67322693087214
161.2412551848512,-59.66663282729797
161.23634535186548,-59.66731212466436
161.27458651018313,-59.668302318257865
161.2567294411788,-59.65664747001609
161.250773586571,-59.66805996751596
161.26309423947998,-59.670132711835535
161.2732047850676,-59.66892198433714
161.23333974456622,-59.64802416381105
161.24331226502807,-59.66206942546219
161.2376023719507,-59.64072407071957
161.2515461092569,-59.64353020591464
161.1747500987306,-59.71311109368699
161.17009642050573,-59.722621573820824
161.17373487646034,-59.715072314452435
161.18458206179446,-59.709190204208454
161.1679148863175,-59.69688488379793
161.126977921415,-59.69456165836959
161.15468452194642,-59.700064155336946
161.13437915055795,-59.687767728524
161.1455967996156,-59.68442616862148
161.1753150912085,-59.69433855593556
161.19174688465088,-59.674879047792196
161.1548224055653,-59.6670171793489
161.17070872421485,-59.6694865187825
161.09896948046625,-59.68508654548384
161.10317981976124,-59.681080060836265
161.1102791932643,-59.68406860187442
161.11703602364412,-59.6710978120978
161.0752166752906,-59.67151392358392
161.12182221376654,-59.65945434413597
161.13699598134545,-59.6738524883845
161.12252851305308,-59.64381080430799
161.12719307455842,-59.656755724217724
161.09374957829542,-59.657078473968916
161.11300378548913,-59.64139264350275
161.1961880988876,-59.65555651107991
161.17669336090106,-59.640875626352454
161.16314992185897,-59.64008717798827
161.23083779620492,-59.63355368001564
161.22393752214327,-59.63004166774817
161.17766862710081,-59.635316528048115
161.20248770374442,-59.620490158132114
161.13796285199967,-59.64165320972324
161.1401839025976,-59.639042812491766
161.14490042054476,-59.635906456514135
161.1243294370687,-59.628578146329914
161.12646176166135,-59.62399931512686
161.12712651347695,-59.62405654167295
161.1223898677043,-59.60443043311723
161.00330759495017,-59.75103234562915
160.9702190413156,-59.72696408856409
160.95559654329122,-59.74860421796616
161.024882167847,-59.743862150672875
160.96660214257844,-59.697370012271094
160.93330000898783,-59.701262774838256
160.9988715403569,-59.68909991781443
161.01672883352293,-59.69650324214445
161.03681446499357,-59.68812576562217
161.04401082215907,-59.681661014675264
161.04231705681562,-59.67328035746074
161.05672319080983,-59.67639895576467
161.00657100418704,-59.67368740992408
161.01145264020323,-59.66279834256888
160.985774750836,-59.69605904787212
160.95270211691613,-59.68014111801047
160.94922888318092,-59.67649710993797
160.94510978127246,-59.65640737413302
160.99687490728948,-59.665611930471925
160.9947278628155,-59.67287620607278
160.98780462268547,-59.64931454775775
160.99806865769847,-59.65225694251259
160.90165718077083,-59.7105354809369
160.89443744373781,-59.70196285555317
160.86416073695463,-59.69939467634157
160.85861623621588,-59.69168047906501
160.87800469146976,-59.66365834668475
160.80678683289457,-59.67383207887517
160.8296823452009,-59.66945463239316
160.86682151526983,-59.66820169619508
160.83905870587466,-59.64154185837625
160.91933334112662,-59.64352905237745
160.88537660375903,-59.65004900164991
160.9260498422297,-59.63586425710439
160.945792081864,-59.63922770151485
160.94166778212755,-59.63674034120286
160.94700831817747,-59.635121917791615
160.90613425531654,-59.61620837624601
160.8811874063195,-59.63312159804515
160.86013862448422,-59.6236224363391
160.86238614593324,-59.59566609021106
161.05340301364745,-59.66022750008281
161.0445184114602,-59.65489649972646
161.03973276135983,-59.64422597193243
161.0473106135088,-59.62857467314298
161.01326690516103,-59.62716318734774
161.00864161669958,-59.631111464950564
160.9738065713716,-59.63361327727248
160.96754268582094,-59.616268588370176
161.02838349189165,-59.603185191871674
161.02604382995375,-59.60180923139004
160.9791467109263,-59.6066903901101
160.99869649839803,-59.59604344745786
161.00379091029689,-59.59604366323204
160.99933088806108,-59.590095345461776
161.07919649255953,-59.609238916560514
161.05610374081735,-59.61099023468969
161.06389895966203,-59.60113715057868
161.05752369088242,-59.598229529221676
161.09521621241763,-59.59846504931365
161.0870659026011,-59.593246319499286
161.0929196892432,-59.58790947064553
161.1019424008253,-59.59034133387425
161.0919398532866,-59.56962795353759
161.02418885072296,-59.58657411194633
161.0414365212763,-59.57672533228902
161.0301953260243,-59.57515982321031
161.0283876414777,-59.574688928624816
161.03676812476465,-59.57624332428226
161.03775430688998,-59.57648986344871
161.01452808791575,-59.586845262321695
161.0262466624084,-59.57157689624211
161.01592734899725,-59.57624131549736
161.0024878013281,-59.56790849361222
161.0203578456742,-59.571614862416475
161.0070721578485,-59.56251319452598
161.05240981535692,-59.57006670910683
161.0360452124626,-59.56358678434414
161.05166228577775,-59.56922463909507
161.0506119287632,-59.56419119441065
161.05341742103397,-59.55897007798083
161.02113687940462,-59.561481757211475
161.02392392593183,-59.561324609680895
161.03345851700516,-59.56220820556141
161.01568476923694,-59.55297083209455
161.0110958412519,-59.54990898767355
161.01790109131503,-59.54663339916264
161.0370356193958,-59.55563976456366
160.94286930175514,-59.60426089076229
160.943751189917,-59.60318016206441
160.966457019752,-59.61297922125005
160.95135406864395,-59.607995213646696
160.91733883909495,-59.59945851212429
160.9215318083329,-59.59822178006861
160.92185488713102,-59.59791745252794
160.92173212122913,-59.59669992035882
160.9313609560522,-59.59586787857322
160.91965795013923,-59.590280490354644
160.94926536953565,-59.59105616533696
160.96554982329116,-59.59584631321569
160.96553031537658,-59.58098951633557
160.9407164136601,-59.57665270347553
160.93454789858163,-59.58848609003955
160.9278781536255,-59.57878813324292
160.93135671322779,-59.567636638942545
160.94333494403568,-59.578444783795604
160.93436840756658,-59.57380679596583
160.95458848641712,-59.57969894790541
160.93507041933663,-59.57133306139621
160.936574996572,-59.571032478068744
160.93279337634888,-59.56284478864151
160.94489961014006,-59.56563545123628
160.949828403113,-59.566419530581456
160.8889045301425,-59.58642336877642
160.88960152528023,-59.577309497300796
160.9025347676034,-59.58084091997638
160.91095928858948,-59.57900138892187
160.89449831681398,-59.57130558787315
160.922604779943,-59.56468356289956
160.90310274517563,-59.554227621165495
160.88513218559737,-59.56143612006823
160.89977062236105,-59.554982959482544
160.98338926343752,-59.578048340620015
160.96732504056783,-59.56349483483107
160.9867635755587,-59.57070900370239
160.97640429628404,-59.55084102996353
160.99048918774372,-59.55671080174576
160.9897876500221,-59.56072682723384
160.97659104075308,-59.549295307031784
160.97336020102517,-59.5579104883325
160.99136413412344,-59.564935310076905
160.97960189355933,-59.559551396121506
160.97994717803445,-59.5541091083262
160.9963444065582,-59.559270622494985
160.98125801969712,-59.55095018628772
160.95887812976778,-59.56858232336533
160.96200466174105,-59.56406349619236
160.95328617433742,-59.55977655291824
160.95282820581022,-59.55675657217354
160.94446416897355,-59.548560309155604
160.9734633993201,-59.550182724152855
160.96684978952945,-59.54450783812497
160.9761824072802,-59.54728615239235
160.97992953220592,-59.54431945521708
160.986327835241,-59.5445860326777
160.9865572130711,-59.54952264359547
160.98993217469678,-59.5493381193164
160.99162381333994,-59.54188745332469
160.993480407214,-59.5504487661482
160.995233208188,-59.55195315012487
160.99534438644525,-59.546538888201255
160.97647819033202,-59.54599849729423
160.98060809220237,-59.54689831304232
160.99967485558986,-59.55242109814662
160.98084346477765,-59.54724894636506
160.98825656698384,-59.54622077962298
160.98415928857543,-59.541067659092015
160.98669251422277,-59.547586783304205
160.98258640102705,-59.547841412653185
160.99574780946116,-59.55542844297071
160.98503241689107,-59.54713832205795
160.9994652454293,-59.553055779819516
160.98935633583935,-59.5475972464329
160.99013112509203,-59.54825837495744
160.99768123767473,-59.54758849457897
160.99671428123006,-59.5560263563982
160.9882777867711,-59.54475083970963
160.99786628441186,-59.53967483387884
160.99938134836705,-59.5297806092642
161.01125545183083,-59.54119432378568
160.99786974213865,-59.54213474811023
160.99955238589388,-59.540396163466845
160.9879553191186,-59.53556750257748
161.00249706857005,-59.53124687218569
160.96781887027825,-59.54335465676487
160.97435794581244,-59.54577506735114
160.9743448648676,-59.54599838660309
160.9743321198114,-59.546487037409456
160.97937323258014,-59.53296911463911
160.91831607747795,-59.54957231749848
160.92393732025099,-59.54967587626294
160.9321894571249,-59.5378912950979
160.92534033152745,-59.53911097979627
160.9232276350795,-59.531706442514086
160.93522991926275,-59.53053771201247
160.9004437104046,-59.53482419258582
160.89885693695726,-59.52989269331412
160.89191372907962,-59.52616976127596
160.91439119264132,-59.52945910434557
160.89849383209818,-59.52199476390003
160.94751556536536,-59.52401076787406
160.95357167317076,-59.51856540805754
160.93831811179965,-59.51195032349108
160.67410811825363,-59.85308139355883
160.6648002180169,-59.86070806334407
160.67413653817957,-59.865160010177995
160.63812536649422,-59.82635349838104
160.63767596268184,-59.820772669828145
160.6873018469559,-59.8313701457263
160.6529150389821,-59.82537868623637
160.6479295090873,-59.81931548190749
160.66720422937018,-59.803869581492776
160.60017845169375,-59.82667550159456
160.60612421590474,-59.822737300815604
160.58675674326122,-59.810365936874994
160.58752540710137,-59.80000083892733
160.6235512597861,-59.81392374965281
160.62342230455914,-59.79918126903432
160.59999317593855,-59.7839964784503
160.67189019953898,-59.79479095214516
160.7057285339023,-59.76710241345955
160.61229816170638,-59.77848249871924
160.60679604444638,-59.775615756108635
160.60535274324468,-59.77256491546415
160.61745669776613,-59.77214629849192
160.66470078986163,-59.74596368583996
160.67325783691413,-59.747103385981575
160.6378087639392,-59.754055316219784
160.63474891970012,-59.74554927955012
160.6345154679645,-59.7367068548091
160.6486194289062,-59.73896771231439
160.52017129551567,-59.79407978514045
160.54423877667068,-59.7995059930597
160.56219590071657,-59.77377419639837
160.5509627403446,-59.768829790929075
160.54423842390153,-59.76100187346119
160.5481048817008,-59.75601426427613
160.49573815524826,-59.78461100871911
160.49667666296608,-59.77019813244408
160.50829764940224,-59.765362299923474
160.4824633331143,-59.76576779160313
160.49168691378705,-59.76547430373683
160.53066712413948,-59.75595019435149
160.48839864810643,-59.750673066959656
160.50443405358925,-59.75064777134704
160.55646540110934,-59.73500568861016
160.57806981139152,-59.719671160173505
160.54773908885394,-59.72164077181446
160.50735144782524,-59.72064374266113
160.52199199181942,-59.694513541739646
160.51960558474875,-59.689882393519724
160.72887667359808,-59.75450104736895
160.73705347113287,-59.75036796376246
160.25058658500743,-59.626996405513204
160.25228336365586,-59.635735991671936
160.70717274178267,-59.74776334554956
160.2447508533504,-59.61959324369223
160.73484067610065,-59.74067775045486
160.7032300877983,-59.7208353643455
160.72211789920013,-59.71912724718691
160.67172928145396,-59.73718829706958
160.22425513106964,-59.60107007133675
160.27313878776232,-59.587700049763974
160.64833446354066,-59.711740031261094
160.26565720905737,-59.56655739299606
160.67549441779053,-59.71216849156423
160.68338638899334,-59.707801501836286
160.21735908064144,-59.58626150600749
160.67140135038503,-59.69917308672534
160.6733421014701,-59.700257040862624
160.66709973678144,-59.69205538681834
160.23222817347738,-59.571226668912885
160.75410246106878,-59.70677856342391
160.23191870826548,-59.559971035532016
160.7654919468632,-59.71231174079755
160.7640322885136,-59.69820048316673
160.7225554966945,-59.69779420835883
160.73840424329637,-59.695226826937734
160.75926421818693,-59.681200688470554
160.78204862470238,-59.68991422135887
160.66329204466018,-59.680544417095085
160.67637713632166,-59.68482715252347
160.68837220588065,-59.66714488261511
160.72106595539535,-59.67496875436534
160.71188560185072,-59.66970034621236
160.61028035189497,-59.715860688139905
160.60408133080279,-59.71000506392925
160.5968574380948,-59.70357505552731
160.6087832206229,-59.690117581944925
160.63293545279916,-59.689165724823546
160.6050023653588,-59.68198373145911
160.60377957205404,-59.66902076634513
160.6082190198593,-59.658328130636704
160.56880327206932,-59.69643167398435
160.55346943015581,-59.65498593258656
160.5447232852405,-59.64353987262915
160.63965767880467,-59.655605718796814
160.6214957906986,-59.63443377345151
160.61334003499923,-59.62911306750664
160.56705926422532,-59.62638605074637
160.5950712795994,-59.61082546949852
160.4546264682564,-59.77053260231196
160.4502594581262,-59.74848034243819
160.47942813049835,-59.72485063712071
160.46389800404873,-59.720785007215305
160.4433080365247,-59.706137528937205
160.38096158554401,-59.72896987140767
160.3794823007685,-59.708322219717495
160.3812921248069,-59.716724570855185
160.37977543138018,-59.708492779055575
160.39520892098628,-59.70992290035626
160.38731706268018,-59.7040294564367
160.38154353857414,-59.694140601397685
160.2945260610179,-59.565610232004296
160.26128025041513,-59.55553818808607
160.47873046548256,-59.689828228252885
160.31898911262098,-59.55620295168401
160.3129151839023,-59.53725796764386
160.23144866077294,-59.541643507717126
160.50906121484303,-59.6748452564942
160.4774300850889,-59.68583606734574
160.45993236308678,-59.67537031159975
160.25034267554156,-59.54160391678888
160.2497858560306,-59.53737260954646
160.4715220379268,-59.671771661725224
160.34799441101745,-59.63652779325115
160.4334858672354,-59.67579071226945
160.2176145838442,-59.53340267060563
160.39783475442678,-59.66250636338921
160.27279486057,-59.51204865469822
160.25051994013046,-59.51080187781612
160.45310344933574,-59.66758662605262
160.22207967054274,-59.50231978657827
160.45693507498686,-59.664760517821264
160.40465756204784,-59.6506497744978
160.23672728705012,-59.515699828215496
160.42300694888544,-59.658469142512075
160.24327786419977,-59.506056787195085
160.32016170888235,-59.50456255076957
160.32990840045647,-59.71436947236245
160.35664247700316,-59.700527085158335
160.36311156996095,-59.675793614747974
160.31624599891057,-59.505663667708205
160.32291630538643,-59.67690226572769
160.35726044349315,-59.49010033729344
160.34322204490417,-59.67098848288953
160.26974386667436,-59.489487906300965
160.30682264503307,-59.658661457770876
160.28289754732495,-59.65875670654652
160.23439570159854,-59.48984297471459
160.24874922397115,-59.45463020679078
160.29539193374697,-59.47572834201971
160.3541024671012,-59.653184523847024
160.25963818572927,-59.44766259892778
160.31424073226663,-59.63184476038413
160.30910911266687,-59.599952006379894
160.32894266702164,-59.595597435101375
160.5161214249787,-59.669579073642
160.51983628409252,-59.66327881295459
160.4960237887059,-59.64927732945606
160.49787850748802,-59.64230423300895
160.5355574871078,-59.64266045702371
160.53394450632993,-59.639011052997866
160.4940278459639,-59.61962032235079
160.43841177359786,-59.64235120612249
160.44495981750083,-59.64274223107234
160.43281030430262,-59.63159620594979
160.46535685956943,-59.61593504899562
160.4787077287868,-59.6190761073061
160.48091457944417,-59.61375797201657
160.4897325040579,-59.607034461415
160.43914435229334,-59.595244175313006
160.52830687494983,-59.61700793902044
160.5232680353352,-59.60425655790455
160.53906522287787,-59.58559036204138
160.24702818277694,-59.457006838692685
160.45263044315703,-59.56938463500038
160.41721152128423,-59.592773473862025
160.41853147033464,-59.57557134063912
160.335816035467,-59.589901151391665
160.35887995707466,-59.59373694545514
160.32451920080427,-59.57680978409759
160.35966560242713,-59.54789217414543
160.42009439902907,-59.531001322776476
160.3835122283254,-59.54813473471145
160.392693759171,-59.549217075693
160.3911279347938,-59.541157085834705
160.353964948596,-59.52296792717809
160.75321839496237,-59.64143234147629
160.82050453409443,-59.631474011900636
160.7012293989283,-59.62167383605317
160.7169989440891,-59.62438487794649
160.82921947321816,-59.590583147896275
160.82641695254608,-59.60076777352295
160.79868868866328,-59.562704759332526
160.8141372896118,-59.57407409095314
160.76708144598018,-59.604171596537746
160.76627697422208,-59.57348383502826
160.76297837443573,-59.56554697002571
160.7315879262096,-59.55890038810847
160.66821691698814,-59.61093080664287
160.67041079601861,-59.59975214829412
160.6471770264674,-59.599621461276875
160.69559743591338,-59.58213191451765
160.7106648884356,-59.58228113334951
160.6338791209409,-59.591757768451416
160.5834984006707,-59.57512256591489
160.6431576480763,-59.579568957074365
160.63996600354804,-59.56816645176214
160.6468381127515,-59.55610427660171
160.61207637132568,-59.56426990446163
160.62009704614158,-59.55405644085874
160.6139191165358,-59.549693763482686
160.70973249672252,-59.57036244416201
160.70744662265278,-59.57463209616203
160.72695081281606,-59.55210147980487
160.72402401132024,-59.53891229210612
160.69780474444724,-59.54533924458148
160.6924920210967,-59.53548727432383
160.63378783583263,-59.54556509814649
160.6427665844478,-59.512113456043906
160.81233758614826,-59.56151231456771
160.83431300769124,-59.55429035871945
160.81443753141266,-59.54235122908688
160.86267253594173,-59.54374619962324
160.7974562814094,-59.54543091859416
160.8000612366011,-59.530566089487436
160.79794582515532,-59.53141043483734
160.77979744748023,-59.52248152736719
160.7719880502754,-59.50037673687782
160.83685055783658,-59.499875552792034
160.8459503673119,-59.49218352846386
160.87772192490274,-59.50242383358224
160.87843100335718,-59.48995744392517
160.88001538719365,-59.490223313380305
160.8229641011924,-59.48425152534444
160.80425171300826,-59.48389366574992
160.81879843025254,-59.46080780691782
160.73190661713855,-59.5169315945208
160.70534298762698,-59.50406058398836
160.725204673553,-59.50975773445482
160.72488496304877,-59.50292140059154
160.7031927590111,-59.489333301605534
160.67669657232727,-59.488120320048566
160.66298424936696,-59.471276545484464
160.66887840790056,-59.4567389934206
160.7655120275354,-59.447916310335906
160.78043326023675,-59.434343616250764
160.7143201737558,-59.44089442963437
160.7295619004006,-59.43699499885404
160.71543384386032,-59.42780398693825
160.72664552377128,-59.40831192651461
160.73090006419073,-59.41000754671535
160.70897908592553,-59.42530651729438
160.70730903821521,-59.4026039541037
160.36882650284574,-59.47199121509995
160.33660605904132,-59.46078997025935
160.35114073011206,-59.43027996573266
160.3414649186146,-59.42052219136264
160.30114078895411,-59.43756217763189
160.31026868259846,-59.44227181049452
160.5439091039543,-59.55704749851578
160.56504882843626,-59.547647870222626
160.29046798640766,-59.426942573241526
160.5764277761682,-59.53952557217125
160.30778033229424,-59.424706973856686
160.59795377551825,-59.533263180442106
160.2989274491601,-59.42069832035953
160.56215610429967,-59.525242294919025
160.29000057514602,-59.39620958934194
160.37302142739713,-59.42959944567026
160.52562797360503,-59.550603524185895
160.39734798228403,-59.420045726980334
160.52311162177446,-59.55740512562654
160.5302026753515,-59.54574675220772
160.40269387426636,-59.39365900060126
160.48042333322078,-59.52904347801207
160.52594226416753,-59.53022734587816
160.52711010709982,-59.52948598703887
160.3762473430085,-59.37834567628209
160.32300130993406,-59.399152403704726
160.50461106148492,-59.504942767240024
160.299404138702,-59.37545589751875
160.2997743889291,-59.376331787196584
160.3579114027121,-59.38864354022823
160.54818725334246,-59.501565707895985
160.33022974825326,-59.36424968810069
160.3365288825124,-59.359660189169276
160.50794886692685,-59.48608679626153
160.5293289450528,-59.48070861585157
160.53084608950428,-59.45611110537137
160.48218526978428,-59.48436257860883
160.44728006681777,-59.47129776856805
160.4170693436768,-59.47087670652482
160.42571615154745,-59.468812029494856
160.51535303850235,-59.454214323716315
160.49578535267656,-59.44519616136776
160.5073977181463,-59.444645970226496
160.47172871052794,-59.4430342970186
160.4672757981338,-59.43260873329715
160.43679402473353,-59.46026135478836
160.43581093584132,-59.4596215829075
160.44740209020895,-59.459607284294506
160.3028569632891,-59.35064213766812
160.30454543605285,-59.35160583937869
160.35066688834272,-59.33797562843294
160.45639609709508,-59.43382920823881
160.44057684738794,-59.410871845660225
160.62895963098904,-59.47731639254286
160.59287123423485,-59.4148012029179
160.64104175450282,-59.44750842314087
160.6326083626367,-59.43571088110839
160.42237266609663,-59.37385064892653
160.40578824266447,-59.36664145846584
160.42208719255012,-59.35461257170439
160.66021926568484,-59.419753990420475
160.65664625465678,-59.40988650267074
160.63112822292732,-59.412409609708085
160.6292655577299,-59.406292490676954
160.3417883937276,-59.35540776340777
160.66761442183025,-59.39130231705521
160.65133939248526,-59.38326307939281
160.66443627078198,-59.387651276229555
160.35148556050734,-59.33570535065586
160.58975412297622,-59.38090030319832
160.58904150284582,-59.37734723056112
160.5751166463176,-59.37203738984227
160.34660597693593,-59.32222624019447
160.63397779515918,-59.378566150674914
160.5821114401102,-59.371753442790215
160.5906160809687,-59.372249412521334
160.60064170638992,-59.37374062432446
160.58130871077535,-59.35848737337116
160.50981831359002,-59.43159347770392
160.47148758824937,-59.40160294042655
160.4465265929931,-59.39295954762329
160.44326086489957,-59.36709390472867
160.44276707368007,-59.3625430926499
160.44982845082936,-59.37263442004821
160.55179336438468,-59.38514021461299
160.38879354241485,-59.3050837231268
160.55202884749124,-59.38924846465263
160.56114122720427,-59.38615354638648
160.38888252104167,-59.30484286675505
160.52850217321676,-59.36866968797592
160.4048240282511,-59.29562277981771
160.5423073778553,-59.349522338507576
160.40742347572183,-59.285239041349584
160.53421768706664,-59.330521864835646
160.53919407938454,-59.32988665839874
160.50046625076646,-59.34335771669113
160.4587892106948,-59.340283943997534
160.46501303332352,-59.34124598273767
160.48135075684658,-59.3469318008795
161.33085119922944,-59.66035772486726
160.52023693794692,-59.328724103548
160.53043921906897,-59.32288414047864
161.34634201209101,-59.66756077678487
161.31869893049424,-59.66573150062155
161.3368638462566,-59.67024029956158
161.34799322429024,-59.65387241439663
161.29378439096675,-59.64874215357212
161.3028626138992,-59.65176037147775
161.31635207921516,-59.637714145591254
161.33327597122218,-59.64196348887441
161.34212396366792,-59.62731452609761
161.36381897851984,-59.63171227664472
161.3310337056626,-59.63337451581634
161.282945319772,-59.65025882612681
161.2847568952548,-59.64648825397246
161.26850218492513,-59.624907074684764
161.260494308819,-59.600984912323185
161.2794786666093,-59.60297093020433
161.34839752093197,-59.6193366472518
161.34427598745586,-59.60457890428647
161.34003430970455,-59.5731702047357
161.28160594136224,-59.562495655001555
161.27606180942453,-59.56738855950461
161.33544236186256,-59.55922625417137
161.296094849761,-59.549571085084516
161.23980940268996,-59.61084694631779
161.19957048591965,-59.60364144215397
161.20423360521357,-59.61535171855454
161.236349950625,-59.58746006246042
161.23378275062606,-59.5862619218883
161.24027000367755,-59.58874237262189
161.25259765894364,-59.58394261947081
161.20979690072667,-59.579658507046034
161.2118699156429,-59.56559437867978
161.15180255113256,-59.58750547244294
161.1412971097582,-59.565292694344585
161.1421080102507,-59.57497856319434
161.15426498566848,-59.57569171396308
161.1936670950207,-59.57037074089802
161.18755218207215,-59.56517546750966
161.1617622767334,-59.56310778209339
161.16641089922118,-59.5642527216469
161.16173094260188,-59.56202495044452
161.16377929044282,-59.55888536540967
161.14751811340687,-59.56178529541042
161.15602994985082,-59.54872981822765
161.2413020437508,-59.57045357171247
161.21870762280662,-59.55640124570713
161.23546628007782,-59.55100601378859
161.2344077296408,-59.550964979933376
161.2477493032716,-59.54868809606677
161.26982384888692,-59.55552020904849
161.22906743961636,-59.53155192822821
161.24315832016867,-59.53506457626575
161.2386082439396,-59.51522858889938
161.192235940354,-59.55113334153028
161.2079311502823,-59.55724219359483
161.20349181650568,-59.54730159892393
161.19213111884702,-59.53961446545409
161.21374165751098,-59.538791864493824
161.18100626847894,-59.54523856215237
161.1624919599942,-59.52699686629554
161.37029670716927,-59.56399090876924
161.36032626060376,-59.56599492677166
161.3823475276595,-59.546613157471796
161.35062574476152,-59.54325418067332
161.30958253292255,-59.51638841409689
161.3503988795374,-59.5254035463194
161.34422208588327,-59.5061799869538
161.3150063487333,-59.50657482415163
161.31612504282717,-59.4989624921665
161.33015418785078,-59.497850252522056
161.43388550614696,-59.50979592374864
161.4500132792721,-59.48710169896592
161.36972116553054,-59.50101769836203
161.3706184231313,-59.48943897781504
161.38236436690508,-59.47944106362288
161.32872525536075,-59.48909510739785
161.32777294539844,-59.473493748800834
161.33203358502948,-59.466565209992325
161.35598074915777,-59.47540065161354
161.34202626001164,-59.450450378488824
161.27560970474835,-59.52306397187048
161.25895916255257,-59.49582382974841
161.24997506858293,-59.49077244013351
161.30699527866076,-59.49399333181294
161.26669806993633,-59.48433486543833
161.28613818691426,-59.47797605746965
161.28107196613414,-59.47916379255155
161.27510604267192,-59.47088149453976
161.26418720637412,-59.47433910075147
161.28580550583874,-59.48302634393888
161.18413034308332,-59.486662795192274
161.20026146407,-59.47357522228993
161.19692014970494,-59.470988581350454
161.23052120957718,-59.47088406798557
161.25349032553638,-59.46510432496673
161.20916998715856,-59.469555440377476
161.22073374759304,-59.4643834560361
161.2148735344864,-59.44969699141108
161.27583347632114,-59.467466237770324
161.29230048918717,-59.43389569057882
161.30119821556323,-59.43334867005839
161.25573653794223,-59.457769049479346
161.2426597461916,-59.44733396150092
161.265950230349,-59.44933546593098
161.2258837676558,-59.43625811749261
161.2251246401809,-59.42325852135922
161.25173521610603,-59.407264185444625
161.11833203258905,-59.57215666755073
161.1114479702094,-59.56413847297036
161.12266343152433,-59.56219974828376
161.13422701799973,-59.566514328837656
161.135379602261,-59.558108857375906
161.07785488897076,-59.55181654988506
161.10615346408744,-59.55261017122204
161.08279049716563,-59.54100779319573
161.1355913847817,-59.55096721506055
161.11856998503774,-59.539738595822634
161.12410724669505,-59.53846307981314
161.0642491627399,-59.5481761110806
161.07464826139181,-59.545544911343576
161.07941201693802,-59.53895105162575
161.03729767205212,-59.52565353805574
161.0810100222616,-59.519793293285
161.0800829426617,-59.50471304541905
161.08528106542835,-59.51309622099139
161.10253654746177,-59.51001895773081
161.12078558643572,-59.51514520387072
161.13048059367406,-59.51052419394847
161.15628899780836,-59.4980563358453
161.15701130312596,-59.49214921410962
161.13614851984934,-59.475913898899634
161.08605396689805,-59.50482965468798
161.08122959111927,-59.49583682118729
161.08534625492788,-59.48185166805301
161.08878250878874,-59.48129468685283
161.0623268871615,-59.48833313271337
161.10815240058133,-59.48318500763864
161.10483411562413,-59.47114989304106
161.12012213778277,-59.471311575352146
161.10748806143252,-59.46029488118347
161.11480513339026,-59.46086174260219
161.08533400454883,-59.47014044310603
161.08543114103963,-59.45117394881875
161.0821259834438,-59.44792572682206
161.00018830727316,-59.51230201199488
161.02236844367548,-59.512101038618425
160.98231595890252,-59.51848266378702
160.9746942674792,-59.51100140600518
160.9932398237091,-59.50261913634554
160.98598107573136,-59.50606508585498
161.03434637739184,-59.499842388633745
161.01013513949323,-59.49353931114622
161.0365803913817,-59.49436897417477
161.0369503740192,-59.48492690054675
160.9418471468316,-59.49271679067204
160.96372833858658,-59.48328272364337
160.96257424304525,-59.48461205703104
160.91269987319907,-59.48954177271968
160.95967771669896,-59.469235852679944
160.97447738084438,-59.47314338797627
160.9648052396293,-59.45343580778528
160.93272894769095,-59.46726394934711
160.9473733982853,-59.46567808177472
161.02596148467342,-59.47308981876815
161.0343116376433,-59.456393142726014
161.02081849060747,-59.469574130451925
161.02388426478208,-59.45222174211049
161.0254004015339,-59.460658503137324
161.05144562159953,-59.46036599789742
161.0574010391957,-59.45438868953612
161.0228237626856,-59.43726695104531
161.04384824817402,-59.42979855400932
160.97172264557298,-59.45016166190441
160.9807104477073,-59.44869862212104
160.96156799860088,-59.421689029273786
161.0024968357432,-59.43034185271787
161.00752752256386,-59.418765883387124
160.965898395032,-59.42238057488183
161.16611547357164,-59.478715313246695
161.1680101234575,-59.45546299446141
161.17329297225407,-59.45637952653734
161.17531229658323,-59.44318145185912
161.1972377744109,-59.44986112187914
161.206625621519,-59.4446388061266
161.14657915335843,-59.43652056921536
161.159822457277,-59.42435089799588
161.1302279255948,-59.45791359943916
161.11723211872595,-59.447681997380315
161.1234554781536,-59.446785269304904
161.12589645890384,-59.436920853695305
161.08678939502826,-59.44108212535535
161.0895051345682,-59.4456775120896
161.10926170663012,-59.43632226562455
161.08774941681938,-59.42215827548389
161.08939105490248,-59.41981884322302
161.1383734198328,-59.418972946599
161.13549495917695,-59.40953476149432
161.10089606784462,-59.41806174148766
161.10047532830694,-59.39834488290027
161.19638580065416,-59.413354788455706
161.20777280686096,-59.413031839894565
161.22015025553307,-59.41591044566956
161.17917320643733,-59.41779944932385
161.1936643236854,-59.40560610196155
161.209700663538,-59.40618128359682
161.22879914338824,-59.404105788620754
161.21941499659349,-59.398145563554266
161.23278631090315,-59.39880357893069
161.17634048905612,-59.384393242461535
161.18942952712118,-59.384558917808356
161.19657264486713,-59.382038469696006
161.20030837203225,-59.37816123670783
161.19828198682274,-59.37603454012415
161.14966367645604,-59.412205151930436
161.1590839450787,-59.41221814337508
161.1580945261423,-59.40915785136487
161.15139116934148,-59.40566591396925
161.14960071569786,-59.39322287258067
161.16943230063663,-59.37459695168275
161.16376599325622,-59.39860473502624
161.1462198946509,-59.39114764538029
161.1330161332615,-59.38047176442701
161.15687446680903,-59.38532237465198
161.16814551625697,-59.36333423739029
161.1723792254116,-59.375042521707094
161.15504109573016,-59.369594050128526
161.16853595222267,-59.37450594377329
161.1574230690998,-59.36793825932077
161.17548604942593,-59.37514987501474
161.17642096460057,-59.36748361660657
161.14633243439187,-59.35609522636874
161.14547519367542,-59.37244272737795
161.1311683743384,-59.366248404591744
161.14753011888723,-59.35734505970633
161.128136547444,-59.357231138530416
161.07456123234218,-59.42233037966442
161.05816543653313,-59.41523658718882
161.0689554538988,-59.41697826277341
161.00765311764977,-59.409501754645056
161.00648323707253,-59.392718240803696
160.98938773720985,-59.39469134994136
160.9977948113186,-59.37982620030196
160.98736500660462,-59.37832395588936
161.0831772810627,-59.36804284567353
161.0702955195235,-59.351213504742084
161.11953829171807,-59.36183433102672
161.11253375987567,-59.357577944764934
161.08965692621834,-59.35058857097055
161.06981950061817,-59.33598086043287
161.02143780823315,-59.35458189624439
161.01358866071826,-59.33047820694951
161.02228595846825,-59.33444516455526
161.05737836304093,-59.34347755173908
161.04886988303127,-59.334138783364594
161.06640282808866,-59.3399992871874
161.04790401976155,-59.31925419104862
161.03282859318057,-59.33263833383259
161.03063424692814,-59.31260089085989
161.4546858632129,-59.473499054366364
161.4635969020346,-59.46757909004785
161.4188469890695,-59.45677899247763
161.4470032023107,-59.43989197388168
161.38841705630648,-59.446845569435844
161.37423517979363,-59.44434347847868
161.37728069606177,-59.426031812072566
161.37592097666865,-59.421833600715715
161.45441874476816,-59.42832218972958
161.50059708492603,-59.399711494717124
161.44778130324832,-59.389956559833436
161.41632870098562,-59.40309836239686
161.4337774115203,-59.40781011154687
161.41810262170833,-59.387642690863586
161.41690859954454,-59.386915621467395
161.3774823805541,-59.394143535452
161.40607647709857,-59.38092875550365
161.4509766263523,-59.36782634483803
161.40764858909964,-59.371634738107005
161.4016637053484,-59.36357778096761
161.40169164406478,-59.34886448759612
161.33400873757157,-59.42880563362125
161.337811060462,-59.4296358611806
161.3258091414075,-59.423185542236105
161.3535577625499,-59.421540531160794
161.32523603942667,-59.40991111559027
161.32542733665574,-59.40770097652113
161.34025953917595,-59.39671868272026
161.3231502969649,-59.39373094051722
161.3199865888542,-59.387019815103336
161.27323363762008,-59.40613303687142
161.2781159831263,-59.403391374913234
161.29697332720008,-59.40877206399233
161.25690746403038,-59.39397767865987
161.28402400047733,-59.38251160592806
161.26112905574902,-59.36720065720574
161.25865523980204,-59.36925995523187
161.2640014488138,-59.36375616515139
161.34596200808969,-59.37209156825272
161.36567471396359,-59.35921406492168
161.3521492064482,-59.33722038668685
161.33061782203598,-59.332651163495925
161.29984019170521,-59.33273566674374
161.29944936358993,-59.33089915171589
161.33981567730203,-59.32313848981924
161.29333013256942,-59.31767859106266
161.5108654259104,-59.38266852187947
161.49766185307874,-59.37084896190865
161.50050405082806,-59.36953745059578
161.46633199609718,-59.3591473477954
161.52906223066566,-59.35504212907537
161.53082270905335,-59.34929593645438
161.49493524178538,-59.33467416263901
161.48426980777893,-59.32731506284887
161.49366623798983,-59.3283746057761
161.50190578863052,-59.33156386713224
161.40910996974063,-59.34352412120958
161.47447313788206,-59.326838470426594
161.42224718424268,-59.320886485960365
161.4379633910228,-59.32602020172624
161.51282468813525,-59.319451382658194
161.5311548103566,-59.31122496620687
161.55267546123196,-59.31797293902439
161.5521400068948,-59.31839410957759
161.50426660832076,-59.292102720224925
161.46959560313874,-59.31259767421946
161.48810073049768,-59.30168516201015
161.47351540637763,-59.27159132614776
161.3990132687671,-59.319562918538146
161.3758580058997,-59.315875829312226
161.40857157037811,-59.29015707840379
161.34670774897825,-59.291304500349
161.36895922538272,-59.271891513506006
161.35019981117088,-59.27496583160297
161.3351471408012,-59.285036460357034
161.4157904286979,-59.2855242815553
161.41064084777355,-59.27519897431867
161.4123511217275,-59.26895046825826
161.42618623518018,-59.266224222969996
161.44869020819485,-59.26707707635048
161.42367725773292,-59.25512505712387
161.45219198874915,-59.25007742525758
161.41836483650312,-59.26015297753555
161.41901466462386,-59.255464470233456
161.4107833920956,-59.2348601593284
161.35741242389045,-59.263889619831204
161.36480881082917,-59.243247335073896
161.35697342726598,-59.25939036754976
161.36709822884856,-59.253331725620626
161.33915132054656,-59.256676743126704
161.3388561995939,-59.24122817301801
161.39035416736388,-59.243157954031275
161.38605733474216,-59.23927013340185
161.380309255647,-59.24328818492681
161.34597000205002,-59.22759408785397
161.24448013974754,-59.37300504918337
161.23725769442686,-59.37021031803119
161.2472383994509,-59.37317873263458
161.2060206144723,-59.37198534931859
161.20243367955516,-59.370940202656406
161.19911489355064,-59.37476082592475
161.19279505751376,-59.36876525732364
161.20729274397132,-59.372527400228854
161.18984175394152,-59.364887349465306
161.19378907397726,-59.364952042636254
161.2388350975702,-59.34654441486901
161.20575057937262,-59.344640428878925
161.20718802284256,-59.34301608535521
161.22254338382155,-59.34472051408618
161.21131050494606,-59.33982045879213
161.1822514542928,-59.35479212118571
161.17819056408496,-59.36064781407586
161.17403905944965,-59.35915096690317
161.18659810146838,-59.36348700031002
161.16903513301583,-59.353819458879535
161.18525526515168,-59.35910392041231
161.18276254012136,-59.35697463069849
161.17809760396486,-59.36415103652114
161.174044328069,-59.34440022476565
161.17861832419766,-59.34584365860419
161.16862508662058,-59.34158959948807
161.1539854989654,-59.356182409225674
161.1525589696261,-59.35555762581305
161.1360359457203,-59.34402111340788
161.18017337694863,-59.33248787686587
161.1867002947706,-59.31902549101899
161.1991257755017,-59.318415053416224
161.15045835693857,-59.323082625218376
161.15324956555946,-59.316923420193035
161.17679037402738,-59.32627248633526
161.15417061877747,-59.32457903646383
161.158497830887,-59.32454522813515
161.16004341146956,-59.31367524954701
161.1701372999719,-59.315221351582366
161.16855537703697,-59.30630888804775
161.1757099444394,-59.30838556134836
161.27205449572602,-59.32635824692725
161.2256612194469,-59.31912305317467
161.26731897382808,-59.30637924165879
161.26492108281943,-59.30429993445615
161.2677741325979,-59.29530981423144
161.21162700136802,-59.30011636085364
161.1847650434376,-59.309103405569175
161.17632446750588,-59.29352444659561
161.17719563928298,-59.29156573892925
161.18858632737118,-59.28534843231883
161.22123409705648,-59.27345369427519
161.21335742618973,-59.27644902062924
161.18170800032536,-59.27336275659317
161.19463955594128,-59.27354887271347
161.18724950764974,-59.264207649767656
161.1212009358131,-59.33470298455816
161.12728537248395,-59.33663280350127
161.12141919388634,-59.320284223714154
161.09662410152583,-59.30350429663894
161.1000307863015,-59.30565259577763
161.13442533443754,-59.298120206012435
161.1511779620112,-59.295416374040784
161.08601676200047,-59.30631620398288
161.0328699543687,-59.29075291044747
161.07201472990243,-59.28759254220928
161.08059273125264,-59.284029816889564
161.08165573574374,-59.28298913157747
161.1497251299928,-59.27357470657644
161.1324728666879,-59.285191538727496
161.113048987648,-59.27332927996453
161.13945778929644,-59.27162400448205
161.13414255007413,-59.251516017232404
161.13500631133405,-59.25084094031545
161.12866395781887,-59.246117174478464
161.08352947454,-59.24457833701427
161.08957889572068,-59.22260173591048
161.28257135530905,-59.29163430205314
161.29055479545258,-59.27728778244549
161.29260854872712,-59.2544503782752
161.3082331746544,-59.25583987014903
161.20582652577065,-59.24200484701352
161.20309068547346,-59.23216712577875
161.2488446836027,-59.2399855726055
161.22834261724722,-59.2163443505188
161.30658826478643,-59.243820600848466
161.32392600607002,-59.21817931201325
161.3317484568476,-59.20162032491418
161.3093306880462,-59.18751924889109
161.2517627175185,-59.20712911242167
161.27509194587535,-59.20611262090469
161.2352264021781,-59.20926867361206
161.18314681724596,-59.23302317691006
161.23968563435756,-59.197595930593444
161.2273541900446,-59.1883668510054
161.25634631136367,-59.183589227240184
161.19581232582794,-59.21496184493629
161.19498813577317,-59.21129913800068
161.16003403005269,-59.20798995264705
161.11054225713,-59.21395349929824
161.11243742559657,-59.20971417784327
161.0951001012033,-59.20047176483296
161.17237002560032,-59.18043872976606
161.1255921995944,-59.161137260750856
160.893814751443,-59.4777485327072
160.89451685412325,-59.45980260182274
160.87316390982667,-59.46579395710222
160.8886687530246,-59.465986275538214
160.87058922535402,-59.4565844391352
160.9370536635233,-59.441373744801716
160.84168126066706,-59.445566557632
160.84853853228944,-59.433182820677885
160.81566353020838,-59.446040793736344
160.8512526836467,-59.42329933750528
160.85801573426966,-59.424967604341106
160.84328032218252,-59.425413140384315
160.8432492872852,-59.424803311555856
160.84101436147537,-59.418254697547674
160.84087830042034,-59.406293878117644
160.9170309435849,-59.42029011998479
160.94789644198957,-59.42431210163097
160.8976997798391,-59.4126255390408
160.92053420031013,-59.408599534236224
160.94280098538087,-59.395160237272044
160.94177247115886,-59.39385391432584
160.94821201362902,-59.38936414360216
160.8526412065981,-59.375225772158146
160.8865989658251,-59.37454046601471
160.88943878223733,-59.37157414339623
160.8559665443809,-59.371542028463494
160.87056982270784,-59.35837540060467
160.7960782577841,-59.41630469189899
160.76265715723818,-59.41870727632106
160.78590289391713,-59.403942374679175
160.803893748142,-59.403896554519186
160.77849319392516,-59.37690866874417
160.79303078459614,-59.38880218889037
160.77495364411487,-59.377522650275644
160.7403276548711,-59.40682251901391
160.74299760741874,-59.393367767530364
160.73513755330828,-59.3882095517578
160.75524494025083,-59.389337740933364
160.7604544508329,-59.389584638032396
160.75094457999492,-59.370118316703795
160.73164057289472,-59.372540880835814
160.72319185366186,-59.35917314380414
160.82364887754326,-59.37715165654493
160.80248196160963,-59.37825642670949
160.78829553844344,-59.36099987112961
160.8030781731335,-59.35033411990288
160.74751963339654,-59.339438367345124
160.77595616127812,-59.9290483638147
160.78604307218626,-59.93131858851237
160.74967766870378,-59.931613444703125
160.7415234847821,-59.926155531068645
160.74749243125302,-59.92263078572932
160.7520008966698,-59.91288372132313
160.64862077602635,-59.90944629053281
160.65870804567393,-59.90479938925899
160.68228672394028,-59.90456163379085
160.70011021602306,-59.89363150003724
160.71287135088073,-59.89935987722937
160.72241761385988,-59.89343474995516
160.68370738437974,-59.88307004807529
160.67941349056468,-59.87755567475103
160.56898415994542,-59.88225406834732
160.63936466755987,-59.90863270662818
160.63181842110347,-59.8853687116491
160.63644333671775,-59.88227395273062
160.64041374689037,-59.89195912116408
160.608805378593,-59.88858989387014
160.60989772501884,-59.87427786009161
160.62135261084845,-59.885783950370325
160.63824789296953,-59.877953350963836
160.65320072106135,-59.88762994706902
160.64721445125136,-59.88317084523239
160.64054300566,-59.87650820295448
160.6439005085996,-59.86985382072633
160.622825032996,-59.86802630708105
160.5764853429894,-59.88369709101098
160.5911128875116,-59.8836406639234
160.5871299054366,-59.879763507281815
160.54928073444924,-59.86413028064605
160.59165564014063,-59.8513217007326
160.60960491232422,-59.858087342782255
160.59139038831842,-59.847883010678345
160.61399645069207,-59.849291034396494
160.61448843285237,-59.8476589573912
160.59200471999407,-59.83434371476662
160.57870123678558,-59.84929741851319
160.58087933676168,-59.84758604633307
160.57204743880283,-59.835479749598115
160.4783524329476,-59.85286773475893
160.48144405405034,-59.856939816545726
160.50254729302947,-59.86292501734186
160.46280213282208,-59.83670387063732
160.4388160152802,-59.83448835016999
160.51393245766081,-59.85597941387046
160.53556694552137,-59.86595343809474
160.53753112327593,-59.85037349283068
160.51073446978288,-59.845795332435024
160.51110993064765,-59.843701748052645
160.49332801311851,-59.83265388456368
160.4932287026372,-59.83252281041123
160.5599889101748,-59.82744051782751
160.54762271896573,-59.82507269460025
160.5594443864648,-59.82478525514631
160.54764122746013,-59.82043238064107
160.5245917943964,-59.82264920353996
160.51630799162328,-59.819295612378156
160.47513811448235,-59.826223061982084
160.48013445012398,-59.81691508614397
160.47232816140806,-59.80729279070303
160.47420075992326,-59.80473316478993
160.49969797853768,-59.81482893668833
160.45611467753454,-59.799277023137016
160.4640547043937,-59.792086782538455
160.46405178866542,-59.78535920179184
160.38606166022242,-59.804384196291856
160.3778662073828,-59.80388034301989
160.3447105444604,-59.78347849706435
160.43612938303735,-59.78696266767751
160.44876676426315,-59.78605999880381
160.4400983156235,-59.79240642818938
160.43245010628877,-59.769585911505885
160.39309819234344,-59.769522033721714
160.3991840740869,-59.7688566112353
160.4016366448895,-59.75534953725563
160.3634906718034,-59.775095637119755
160.36313291499414,-59.76724238772705
160.33916816956847,-59.77431255398614
160.28766104841927,-59.733437073905975
160.32394482179595,-59.726302035307896
160.29912155238048,-59.72838178374812
160.28049256707735,-59.70944845200887
